[{"model": "auth.permission", "pk": 1, "fields": {"name": "Can add log entry", "content_type": 1, "codename": "add_logentry"}}, {"model": "auth.permission", "pk": 2, "fields": {"name": "Can change log entry", "content_type": 1, "codename": "change_logentry"}}, {"model": "auth.permission", "pk": 3, "fields": {"name": "Can delete log entry", "content_type": 1, "codename": "delete_logentry"}}, {"model": "auth.permission", "pk": 4, "fields": {"name": "Can view log entry", "content_type": 1, "codename": "view_logentry"}}, {"model": "auth.permission", "pk": 5, "fields": {"name": "Can add permission", "content_type": 2, "codename": "add_permission"}}, {"model": "auth.permission", "pk": 6, "fields": {"name": "Can change permission", "content_type": 2, "codename": "change_permission"}}, {"model": "auth.permission", "pk": 7, "fields": {"name": "Can delete permission", "content_type": 2, "codename": "delete_permission"}}, {"model": "auth.permission", "pk": 8, "fields": {"name": "Can view permission", "content_type": 2, "codename": "view_permission"}}, {"model": "auth.permission", "pk": 9, "fields": {"name": "Can add group", "content_type": 3, "codename": "add_group"}}, {"model": "auth.permission", "pk": 10, "fields": {"name": "Can change group", "content_type": 3, "codename": "change_group"}}, {"model": "auth.permission", "pk": 11, "fields": {"name": "Can delete group", "content_type": 3, "codename": "delete_group"}}, {"model": "auth.permission", "pk": 12, "fields": {"name": "Can view group", "content_type": 3, "codename": "view_group"}}, {"model": "auth.permission", "pk": 13, "fields": {"name": "Can add content type", "content_type": 4, "codename": "add_contenttype"}}, {"model": "auth.permission", "pk": 14, "fields": {"name": "Can change content type", "content_type": 4, "codename": "change_contenttype"}}, {"model": "auth.permission", "pk": 15, "fields": {"name": "Can delete content type", "content_type": 4, "codename": "delete_contenttype"}}, {"model": "auth.permission", "pk": 16, "fields": {"name": "Can view content type", "content_type": 4, "codename": "view_contenttype"}}, {"model": "auth.permission", "pk": 17, "fields": {"name": "Can add session", "content_type": 5, "codename": "add_session"}}, {"model": "auth.permission", "pk": 18, "fields": {"name": "Can change session", "content_type": 5, "codename": "change_session"}}, {"model": "auth.permission", "pk": 19, "fields": {"name": "Can delete session", "content_type": 5, "codename": "delete_session"}}, {"model": "auth.permission", "pk": 20, "fields": {"name": "Can view session", "content_type": 5, "codename": "view_session"}}, {"model": "auth.permission", "pk": 21, "fields": {"name": "Can add section", "content_type": 6, "codename": "add_section"}}, {"model": "auth.permission", "pk": 22, "fields": {"name": "Can change section", "content_type": 6, "codename": "change_section"}}, {"model": "auth.permission", "pk": 23, "fields": {"name": "Can delete section", "content_type": 6, "codename": "delete_section"}}, {"model": "auth.permission", "pk": 24, "fields": {"name": "Can view section", "content_type": 6, "codename": "view_section"}}, {"model": "auth.permission", "pk": 25, "fields": {"name": "Can add spot", "content_type": 7, "codename": "add_spot"}}, {"model": "auth.permission", "pk": 26, "fields": {"name": "Can change spot", "content_type": 7, "codename": "change_spot"}}, {"model": "auth.permission", "pk": 27, "fields": {"name": "Can delete spot", "content_type": 7, "codename": "delete_spot"}}, {"model": "auth.permission", "pk": 28, "fields": {"name": "Can view spot", "content_type": 7, "codename": "view_spot"}}, {"model": "auth.permission", "pk": 29, "fields": {"name": "Can add bombeiro militar", "content_type": 8, "codename": "add_bombeiromilitar"}}, {"model": "auth.permission", "pk": 30, "fields": {"name": "Can change bombeiro militar", "content_type": 8, "codename": "change_bombeiromilitar"}}, {"model": "auth.permission", "pk": 31, "fields": {"name": "Can delete bombeiro militar", "content_type": 8, "codename": "delete_bombeiromilitar"}}, {"model": "auth.permission", "pk": 32, "fields": {"name": "Can view bombeiro militar", "content_type": 8, "codename": "view_bombeiromilitar"}}, {"model": "auth.permission", "pk": 33, "fields": {"name": "Can add veiculo", "content_type": 9, "codename": "add_veiculo"}}, {"model": "auth.permission", "pk": 34, "fields": {"name": "Can change veiculo", "content_type": 9, "codename": "change_veiculo"}}, {"model": "auth.permission", "pk": 35, "fields": {"name": "Can delete veiculo", "content_type": 9, "codename": "delete_veiculo"}}, {"model": "auth.permission", "pk": 36, "fields": {"name": "Can view veiculo", "content_type": 9, "codename": "view_veiculo"}}, {"model": "auth.permission", "pk": 37, "fields": {"name": "Can add user", "content_type": 10, "codename": "add_customuser"}}, {"model": "auth.permission", "pk": 38, "fields": {"name": "Can change user", "content_type": 10, "codename": "change_customuser"}}, {"model": "auth.permission", "pk": 39, "fields": {"name": "Can delete user", "content_type": 10, "codename": "delete_customuser"}}, {"model": "auth.permission", "pk": 40, "fields": {"name": "Can view user", "content_type": 10, "codename": "view_customuser"}}, {"model": "auth.permission", "pk": 41, "fields": {"name": "Can add Termo de Compromisso", "content_type": 11, "codename": "add_termocompromisso"}}, {"model": "auth.permission", "pk": 42, "fields": {"name": "Can change Termo de Compromisso", "content_type": 11, "codename": "change_termocompromisso"}}, {"model": "auth.permission", "pk": 43, "fields": {"name": "Can delete Termo de Compromisso", "content_type": 11, "codename": "delete_termocompromisso"}}, {"model": "auth.permission", "pk": 44, "fields": {"name": "Can view Termo de Compromisso", "content_type": 11, "codename": "view_termocompromisso"}}, {"model": "contenttypes.contenttype", "pk": 1, "fields": {"app_label": "admin", "model": "logentry"}}, {"model": "contenttypes.contenttype", "pk": 2, "fields": {"app_label": "auth", "model": "permission"}}, {"model": "contenttypes.contenttype", "pk": 3, "fields": {"app_label": "auth", "model": "group"}}, {"model": "contenttypes.contenttype", "pk": 4, "fields": {"app_label": "contenttypes", "model": "contenttype"}}, {"model": "contenttypes.contenttype", "pk": 5, "fields": {"app_label": "sessions", "model": "session"}}, {"model": "contenttypes.contenttype", "pk": 6, "fields": {"app_label": "secoes", "model": "section"}}, {"model": "contenttypes.contenttype", "pk": 7, "fields": {"app_label": "secoes", "model": "spot"}}, {"model": "contenttypes.contenttype", "pk": 8, "fields": {"app_label": "veiculos", "model": "bombeiromilitar"}}, {"model": "contenttypes.contenttype", "pk": 9, "fields": {"app_label": "veiculos", "model": "veiculo"}}, {"model": "contenttypes.contenttype", "pk": 10, "fields": {"app_label": "contas", "model": "customuser"}}, {"model": "contenttypes.contenttype", "pk": 11, "fields": {"app_label": "secoes", "model": "termocompromisso"}}, {"model": "sessions.session", "pk": "1wrjj7flqg1j8vhtd4g528alw6lplg73", "fields": {"session_data": "e30:1uTS7t:u53S_obXMMZEZcYOSZgg89SSVBijweKHygowFgWHKXs", "expire_date": "2025-07-06T21:21:21.834Z"}}, {"model": "sessions.session", "pk": "8rsufi3bn3ryuy0ytp5qmhejmzpdrsdf", "fields": {"session_data": ".eJxVi0sKwjAQQO8yaymdmN-4FDxHmEkypKgVTLsS726FLnT7Pi9IvC4trb0-01TgBAYOv0w4X-v8FfkxL9yHHfThcufpdt7139O4t20QCU5cIYwSKXs9qokUREt0pEVLJUSO1qJ4dGzqOIq3ZJzXmsOWw_sD2GIzMQ:1uThZE:GlPF7_Ou_tz6U7xaSwzRsZFrKlkFwyHGBmefWwpHt-s", "expire_date": "2025-07-07T13:50:36.552Z"}}, {"model": "sessions.session", "pk": "cri59t4ng1dv34nz2yv2d5ufm5bcj3yh", "fields": {"session_data": ".eJxVi0sKwjAQQO8yaymdmN-4FDxHmEkypKgVTLsS726FLnT7Pi9IvC4trb0-01TgBAYOv0w4X-v8FfkxL9yHHfThcufpdt7139O4t20QCU5cIYwSKXs9qokUREt0pEVLJUSO1qJ4dGzqOIq3ZJzXmsOWw_sD2GIzMQ:1uTPHY:U7PRbvcucVqoSOmkxSYGLmXKTD-EyQVXYB0zv4cYOWg", "expire_date": "2025-07-06T18:19:08.389Z"}}, {"model": "sessions.session", "pk": "el7kw8e59pshe887xt2sx708jp9t63dm", "fields": {"session_data": ".eJxVy00KwjAQQOG7ZC0lk7-ZuBQ8R5hkUlLUCqZdSe9ehS50-z7eWyVel5bWXl9pEnVWoE6_LXO51fkL5Tkv3Icj9OH64Ol-OfjvadzbZ5CRIoRQR47WE7tsNEcgRC0GLQpS1kA-mIraesBiBb3LTsgGcKGqbQekNzGk:1uTMPW:bRAfdfpbvbIWDmgZMZsCMYJJB3F62mY5gOepH_4f1xs", "expire_date": "2025-07-06T15:15:10.835Z"}}, {"model": "sessions.session", "pk": "l9rahtv9ioxduoewtyskz8g056wibc8r", "fields": {"session_data": ".eJxVy0EKwjAQQNG7ZC2lk0ymjkuh5wiTZEKKWsG0K_HurdCFbv_jv02QdalhbfoKUzYXQ-b026Kkm85fSM95kdYdoXXjQ6b79eC_p0qr-4C2gEDPAGWI6tAVUpbIGItS9gCqZxyAlCwSCydOCSx5m3v1Dtl8NsEqMo0:1uThIY:WAFMDkVMEN8XPtq_9pUpSP0yW0t0Je0h3spldBaAyh0", "expire_date": "2025-07-07T13:33:22.193Z"}}, {"model": "sessions.session", "pk": "v62v65uc61wgae25cyxlo1z1l1q1pffi", "fields": {"session_data": ".eJxVy00KwjAQQOG7ZC0lk7-ZuBQ8R5hkUlLUCqZdSe9ehS50-z7eWyVel5bWXl9pEnVWoE6_LXO51fkL5Tkv3Icj9OH64Ol-OfjvadzbZ5CRIoRQR47WE7tsNEcgRC0GLQpS1kA-mIraesBiBb3LTsgGcKGqbQekNzGk:1uTPWj:RGGxj2YFtB7HUrAQiSnb66oOFXKo3-BcaTqURK22vPg", "expire_date": "2025-07-06T18:34:49.038Z"}}, {"model": "sessions.session", "pk": "vi6oks451kgit5uzb16r4dttv6fxcb4v", "fields": {"session_data": ".eJxVy0EKwjAQQNG7ZC0l0yQzjUvBc4SZTEKKWsG0K_HuKnSh2__4T5N4W1vaenmkWc3RBHP4bcL5UpYv5Puych_20Ifzjefraee_p3Fvn8EGJMHMyKJAQK5U9VUgxmy9KnCwPPkaXSzkJppGrODIo0QFkBHN6w3JQDKM:1uTS8R:NKkjs7F4QDordEx9TotSlZSpH2pyzDHj8xXpk7D_0XQ", "expire_date": "2025-07-06T21:21:55.615Z"}}, {"model": "secoes.termocompromisso", "pk": 1, "fields": {"spot": 1, "arquivo": "termos_compromisso_vagas/termo_compromisso_BM2025-001_VAGA_07_1.pdf", "numero_documento": "Doc 01", "data_upload": "2025-06-21T21:21:06.229Z", "observacoes": ""}}, {"model": "secoes.termocompromisso", "pk": 2, "fields": {"spot": 1, "arquivo": "termos_compromisso_vagas/presenca_aula_1_1_GZ1jcS1.pdf", "numero_documento": "Doc 01 - A01", "data_upload": "2025-06-21T21:21:20.881Z", "observacoes": ""}}, {"model": "secoes.termocompromisso", "pk": 3, "fields": {"spot": 2, "arquivo": "termos_compromisso_vagas/presenca_aula_1_1_GZ1jcS1.pdf", "numero_documento": "Doc 01 - A01", "data_upload": "2025-06-21T23:12:44.106Z", "observacoes": ""}}, {"model": "secoes.termocompromisso", "pk": 4, "fields": {"spot": 2, "arquivo": "termos_compromisso_vagas/termo_compromisso_BM2025-001_VAGA_07_1.pdf", "numero_documento": "Doc 01", "data_upload": "2025-06-21T23:12:44.223Z", "observacoes": ""}}, {"model": "secoes.termocompromisso", "pk": 6, "fields": {"spot": 8, "arquivo": "termos_compromisso_vagas/termo_compromisso_Ten_Ribeiro.pdf", "numero_documento": "Doc 01", "data_upload": "2025-06-23T14:33:30.460Z", "observacoes": ""}}, {"model": "secoes.termocompromisso", "pk": 7, "fields": {"spot": 10, "arquivo": "termos_compromisso_vagas/lopes.pdf", "numero_documento": "Doc 01", "data_upload": "2025-06-23T15:01:13.341Z", "observacoes": ""}}, {"model": "secoes.termocompromisso", "pk": 8, "fields": {"spot": 11, "arquivo": "termos_compromisso_vagas/ST_RONIERE.pdf", "numero_documento": "Doc 01", "data_upload": "2025-06-23T15:05:54.195Z", "observacoes": ""}}, {"model": "secoes.termocompromisso", "pk": 9, "fields": {"spot": 12, "arquivo": "termos_compromisso_vagas/CamScanner_23-06-2025_12.05_EVARISTO.pdf", "numero_documento": "Doc 01", "data_upload": "2025-06-23T15:07:29.288Z", "observacoes": ""}}, {"model": "secoes.termocompromisso", "pk": 10, "fields": {"spot": 13, "arquivo": "termos_compromisso_vagas/termo_compromisso_CASTELO_assinado.pdf", "numero_documento": "Doc 01", "data_upload": "2025-06-23T18:27:45.139Z", "observacoes": ""}}, {"model": "secoes.termocompromisso", "pk": 11, "fields": {"spot": 14, "arquivo": "termos_compromisso_vagas/mARCELLA-1_assinado.pdf", "numero_documento": "Doc 01", "data_upload": "2025-06-23T18:28:01.166Z", "observacoes": ""}}, {"model": "secoes.section", "pk": 1, "fields": {"nome": "Comandante-Geral", "vagas_cobertas_nominadas": 1, "vagas_cobertas_nao_nominadas": 0, "vagas_descobertas_nominadas": 0, "vagas_descobertas_nao_nominadas": 0}}, {"model": "secoes.section", "pk": 2, "fields": {"nome": "Subcomandante-Geral", "vagas_cobertas_nominadas": 1, "vagas_cobertas_nao_nominadas": 0, "vagas_descobertas_nominadas": 0, "vagas_descobertas_nao_nominadas": 0}}, {"model": "secoes.section", "pk": 3, "fields": {"nome": "Gabinete do Comandante-Geral", "vagas_cobertas_nominadas": 1, "vagas_cobertas_nao_nominadas": 0, "vagas_descobertas_nominadas": 0, "vagas_descobertas_nao_nominadas": 2}}, {"model": "secoes.section", "pk": 4, "fields": {"nome": "Gabinete do Subcomandante-Geral", "vagas_cobertas_nominadas": 1, "vagas_cobertas_nao_nominadas": 0, "vagas_descobertas_nominadas": 0, "vagas_descobertas_nao_nominadas": 1}}, {"model": "secoes.section", "pk": 5, "fields": {"nome": "Comando Operacional de Bombeiros", "vagas_cobertas_nominadas": 1, "vagas_cobertas_nao_nominadas": 0, "vagas_descobertas_nominadas": 0, "vagas_descobertas_nao_nominadas": 4}}, {"model": "secoes.section", "pk": 6, "fields": {"nome": "Ajudância-Geral", "vagas_cobertas_nominadas": 1, "vagas_cobertas_nao_nominadas": 0, "vagas_descobertas_nominadas": 0, "vagas_descobertas_nao_nominadas": 1}}, {"model": "secoes.section", "pk": 7, "fields": {"nome": "Diretoria de Gestão de Pessoas", "vagas_cobertas_nominadas": 1, "vagas_cobertas_nao_nominadas": 0, "vagas_descobertas_nominadas": 0, "vagas_descobertas_nao_nominadas": 2}}, {"model": "secoes.section", "pk": 8, "fields": {"nome": "Diretoria de Ensino, Instrução e Pesquisa", "vagas_cobertas_nominadas": 1, "vagas_cobertas_nao_nominadas": 0, "vagas_descobertas_nominadas": 0, "vagas_descobertas_nao_nominadas": 2}}, {"model": "secoes.section", "pk": 9, "fields": {"nome": "Diretoria de Segurança Contra Incêndio", "vagas_cobertas_nominadas": 1, "vagas_cobertas_nao_nominadas": 0, "vagas_descobertas_nominadas": 0, "vagas_descobertas_nao_nominadas": 2}}, {"model": "secoes.section", "pk": 10, "fields": {"nome": "Diretoria Administrativa e Financeira", "vagas_cobertas_nominadas": 1, "vagas_cobertas_nao_nominadas": 0, "vagas_descobertas_nominadas": 0, "vagas_descobertas_nao_nominadas": 2}}, {"model": "secoes.section", "pk": 11, "fields": {"nome": "Seção de Inteligência e Contra Inteligência (SEICI)", "vagas_cobertas_nominadas": 1, "vagas_cobertas_nao_nominadas": 0, "vagas_descobertas_nominadas": 0, "vagas_descobertas_nao_nominadas": 0}}, {"model": "secoes.section", "pk": 12, "fields": {"nome": "Seção de Relações Públicas, Ação Comunitária e Comunicação Social (SERPACS)", "vagas_cobertas_nominadas": 1, "vagas_cobertas_nao_nominadas": 0, "vagas_descobertas_nominadas": 0, "vagas_descobertas_nao_nominadas": 0}}, {"model": "secoes.section", "pk": 13, "fields": {"nome": "Núcleo de Controle Interno - NCI", "vagas_cobertas_nominadas": 1, "vagas_cobertas_nao_nominadas": 0, "vagas_descobertas_nominadas": 0, "vagas_descobertas_nao_nominadas": 0}}, {"model": "secoes.section", "pk": 14, "fields": {"nome": "Superior de Dia / Supervisor de Dia", "vagas_cobertas_nominadas": 0, "vagas_cobertas_nao_nominadas": 0, "vagas_descobertas_nominadas": 1, "vagas_descobertas_nao_nominadas": 0}}, {"model": "secoes.section", "pk": 15, "fields": {"nome": "Comandante do Socorro", "vagas_cobertas_nominadas": 0, "vagas_cobertas_nao_nominadas": 0, "vagas_descobertas_nominadas": 1, "vagas_descobertas_nao_nominadas": 0}}, {"model": "secoes.section", "pk": 17, "fields": {"nome": "Oficial de Dia", "vagas_cobertas_nominadas": 0, "vagas_cobertas_nao_nominadas": 0, "vagas_descobertas_nominadas": 1, "vagas_descobertas_nao_nominadas": 0}}, {"model": "secoes.spot", "pk": 1, "fields": {"secao": 6, "tipo_cobertura": "coberta", "nominada": "nominada", "status": "livre", "identificador": "VAGA 07", "ativo": false, "nome_bombeiro": null, "posto_bombeiro": null, "matricula_bombeiro": null, "cpf_bombeiro": null, "telefone_bombeiro": null, "email_bombeiro": null, "placa_veiculo": null, "modelo_veiculo": null, "marca_veiculo": null, "cor_veiculo": null, "ano_veiculo": null, "tipo_veiculo": null, "placa_veiculo_adicional": null, "modelo_veiculo_adicional": null, "marca_veiculo_adicional": null, "cor_veiculo_adicional": null, "ano_veiculo_adicional": null, "tipo_veiculo_adicional": null, "placa_moto": null, "modelo_moto": null, "marca_moto": null, "cor_moto": null, "ano_moto": null, "data_ocupacao": "2025-06-21T19:18:58.840Z", "data_saida": "2025-06-22T19:18:58.840Z"}}, {"model": "secoes.spot", "pk": 2, "fields": {"secao": 6, "tipo_cobertura": "coberta", "nominada": "nominada", "status": "livre", "identificador": "VAGA 07_HIST", "ativo": false, "nome_bombeiro": "JOSE ERISMAN DE SOUSA", "posto_bombeiro": "maj", "matricula_bombeiro": "85367-4", "cpf_bombeiro": "49008382334", "telefone_bombeiro": "86988490120", "email_bombeiro": "majorbmerisman@gmail.com", "placa_veiculo": null, "modelo_veiculo": "HRV", "marca_veiculo": "HONDA", "cor_veiculo": "CINZA", "ano_veiculo": 2023, "tipo_veiculo": "carro", "placa_veiculo_adicional": null, "modelo_veiculo_adicional": "FOCUS", "marca_veiculo_adicional": "FORD", "cor_veiculo_adicional": "PRETA", "ano_veiculo_adicional": 2024, "tipo_veiculo_adicional": "carro", "placa_moto": null, "modelo_moto": null, "marca_moto": null, "cor_moto": null, "ano_moto": null, "data_ocupacao": "2025-06-21T23:12:43.957Z", "data_saida": "2025-06-22T23:12:43.957Z"}}, {"model": "secoes.spot", "pk": 3, "fields": {"secao": 6, "tipo_cobertura": "coberta", "nominada": "nominada", "status": "livre", "identificador": "VAGA 07", "ativo": false, "nome_bombeiro": null, "posto_bombeiro": null, "matricula_bombeiro": null, "cpf_bombeiro": null, "telefone_bombeiro": null, "email_bombeiro": null, "placa_veiculo": null, "modelo_veiculo": null, "marca_veiculo": null, "cor_veiculo": null, "ano_veiculo": null, "tipo_veiculo": null, "placa_veiculo_adicional": null, "modelo_veiculo_adicional": null, "marca_veiculo_adicional": null, "cor_veiculo_adicional": null, "ano_veiculo_adicional": null, "tipo_veiculo_adicional": null, "placa_moto": null, "modelo_moto": null, "marca_moto": null, "cor_moto": null, "ano_moto": null, "data_ocupacao": "2025-06-21T23:22:32.381Z", "data_saida": "2025-06-22T23:22:32.381Z"}}, {"model": "secoes.spot", "pk": 4, "fields": {"secao": 6, "tipo_cobertura": "coberta", "nominada": "nominada", "status": "livre", "identificador": "VAGA 07_HIST", "ativo": false, "nome_bombeiro": "JOSE ERISMAN DE SOUSA", "posto_bombeiro": "maj", "matricula_bombeiro": "085367-4", "cpf_bombeiro": "49008382334", "telefone_bombeiro": "86988490120", "email_bombeiro": "sgterisman@hotmail.com", "placa_veiculo": null, "modelo_veiculo": "HRV", "marca_veiculo": "HONDA", "cor_veiculo": "CINZA", "ano_veiculo": 2023, "tipo_veiculo": "carro", "placa_veiculo_adicional": null, "modelo_veiculo_adicional": null, "marca_veiculo_adicional": null, "cor_veiculo_adicional": null, "ano_veiculo_adicional": null, "tipo_veiculo_adicional": null, "placa_moto": null, "modelo_moto": null, "marca_moto": null, "cor_moto": null, "ano_moto": null, "data_ocupacao": "2025-06-21T23:23:32.490Z", "data_saida": "2025-06-22T23:23:32.490Z"}}, {"model": "secoes.spot", "pk": 7, "fields": {"secao": 6, "tipo_cobertura": "coberta", "nominada": "nominada", "status": "ocupada", "identificador": "VAGA 07", "ativo": true, "nome_bombeiro": "JOSE ERISMAN DE SOUSA", "posto_bombeiro": "maj", "matricula_bombeiro": "085367-4", "cpf_bombeiro": "49008382334", "telefone_bombeiro": "86988490120", "email_bombeiro": "majorbmerisman@gmail.com", "placa_veiculo": "SLQ8B94", "modelo_veiculo": "HRV", "marca_veiculo": "HONDA", "cor_veiculo": "CINZA", "ano_veiculo": 2023, "tipo_veiculo": "carro", "placa_veiculo_adicional": null, "modelo_veiculo_adicional": null, "marca_veiculo_adicional": null, "cor_veiculo_adicional": null, "ano_veiculo_adicional": null, "tipo_veiculo_adicional": null, "placa_moto": null, "modelo_moto": null, "marca_moto": null, "cor_moto": null, "ano_moto": null, "data_ocupacao": "2025-06-22T18:14:12.163Z", "data_saida": null}}, {"model": "secoes.spot", "pk": 8, "fields": {"secao": 6, "tipo_cobertura": "descoberta", "nominada": "nao_nominada", "status": "ocupada", "identificador": "001", "ativo": true, "nome_bombeiro": "FRANCISCO DA SILVA RIBEIRO", "posto_bombeiro": "2ten", "matricula_bombeiro": "15961-1", "cpf_bombeiro": "504534163-49", "telefone_bombeiro": "86 999406-1857", "email_bombeiro": "ribeirogse10@gmail.com", "placa_veiculo": "PIF7329", "modelo_veiculo": "DUSTER OROCH", "marca_veiculo": "RENAULT", "cor_veiculo": "PRETA", "ano_veiculo": 2015, "tipo_veiculo": "carro", "placa_veiculo_adicional": "SLR8C9100", "modelo_veiculo_adicional": "DUSTER OROCH", "marca_veiculo_adicional": "RENAULT", "cor_veiculo_adicional": "MARRON", "ano_veiculo_adicional": 2023, "tipo_veiculo_adicional": "carro", "placa_moto": null, "modelo_moto": null, "marca_moto": null, "cor_moto": null, "ano_moto": null, "data_ocupacao": "2025-06-23T10:54:40.934Z", "data_saida": null}}, {"model": "secoes.spot", "pk": 9, "fields": {"secao": 7, "tipo_cobertura": "coberta", "nominada": "nominada", "status": "ocupada", "identificador": "VAGA 04", "ativo": true, "nome_bombeiro": "CLEMILTON AQUINO ALMEIDA", "posto_bombeiro": "cel", "matricula_bombeiro": "15241-2", "cpf_bombeiro": "361.367.943-49", "telefone_bombeiro": "86 99946-0409", "email_bombeiro": "clemiltonalmeida@hotmaial.com", "placa_veiculo": "RSQ0E76", "modelo_veiculo": "ONIX", "marca_veiculo": "CHEVROLET", "cor_veiculo": "PRATA", "ano_veiculo": 2022, "tipo_veiculo": "carro", "placa_veiculo_adicional": null, "modelo_veiculo_adicional": null, "marca_veiculo_adicional": null, "cor_veiculo_adicional": null, "ano_veiculo_adicional": null, "tipo_veiculo_adicional": null, "placa_moto": null, "modelo_moto": null, "marca_moto": null, "cor_moto": null, "ano_moto": null, "data_ocupacao": "2025-06-23T14:26:23.582Z", "data_saida": null}}, {"model": "secoes.spot", "pk": 10, "fields": {"secao": 7, "tipo_cobertura": "descoberta", "nominada": "nao_nominada", "status": "ocupada", "identificador": null, "ativo": true, "nome_bombeiro": "GILSON LOPES DA SILVA", "posto_bombeiro": "maj", "matricula_bombeiro": "82777-X", "cpf_bombeiro": "463014963-53", "telefone_bombeiro": "86 981025219", "email_bombeiro": "chinacap16@gmail.com", "placa_veiculo": "PIV1827", "modelo_veiculo": "AIR CROSS", "marca_veiculo": "CITROEN", "cor_veiculo": "VERMELHA", "ano_veiculo": 2018, "tipo_veiculo": "carro", "placa_veiculo_adicional": null, "modelo_veiculo_adicional": null, "marca_veiculo_adicional": null, "cor_veiculo_adicional": null, "ano_veiculo_adicional": null, "tipo_veiculo_adicional": null, "placa_moto": null, "modelo_moto": null, "marca_moto": null, "cor_moto": null, "ano_moto": null, "data_ocupacao": "2025-06-23T14:31:31.329Z", "data_saida": null}}, {"model": "secoes.spot", "pk": 11, "fields": {"secao": 4, "tipo_cobertura": "descoberta", "nominada": "nao_nominada", "status": "ocupada", "identificador": null, "ativo": true, "nome_bombeiro": "RONIERE ALVES DE AZEVEDO", "posto_bombeiro": "subten", "matricula_bombeiro": "2074788", "cpf_bombeiro": "78797071315", "telefone_bombeiro": "86999980047", "email_bombeiro": "roniereazevedo@gmail.com", "placa_veiculo": "PIG8H21", "modelo_veiculo": "UP", "marca_veiculo": "VOLKSWAGEN", "cor_veiculo": null, "ano_veiculo": null, "tipo_veiculo": "carro", "placa_veiculo_adicional": null, "modelo_veiculo_adicional": null, "marca_veiculo_adicional": null, "cor_veiculo_adicional": null, "ano_veiculo_adicional": null, "tipo_veiculo_adicional": null, "placa_moto": null, "modelo_moto": null, "marca_moto": null, "cor_moto": null, "ano_moto": null, "data_ocupacao": "2025-06-23T14:46:41.996Z", "data_saida": null}}, {"model": "secoes.spot", "pk": 12, "fields": {"secao": 7, "tipo_cobertura": "descoberta", "nominada": "nao_nominada", "status": "ocupada", "identificador": null, "ativo": true, "nome_bombeiro": "Evaristo Francisco Rodrigues", "posto_bombeiro": "cap", "matricula_bombeiro": "014095-3", "cpf_bombeiro": "34308873304", "telefone_bombeiro": "86 988770788", "email_bombeiro": "evaristofranciscorodrigues@hotmail.com", "placa_veiculo": "SLQ2I89", "modelo_veiculo": "strada", "marca_veiculo": "FIAT", "cor_veiculo": "PRATA", "ano_veiculo": 2023, "tipo_veiculo": "carro", "placa_veiculo_adicional": null, "modelo_veiculo_adicional": null, "marca_veiculo_adicional": null, "cor_veiculo_adicional": null, "ano_veiculo_adicional": null, "tipo_veiculo_adicional": null, "placa_moto": null, "modelo_moto": null, "marca_moto": null, "cor_moto": null, "ano_moto": null, "data_ocupacao": "2025-06-23T14:57:39.110Z", "data_saida": null}}, {"model": "secoes.spot", "pk": 13, "fields": {"secao": 4, "tipo_cobertura": "coberta", "nominada": "nominada", "status": "ocupada", "identificador": "VAGA 14", "ativo": true, "nome_bombeiro": "KELSON FERNANDO CASTELO BRANCO DA SILVA", "posto_bombeiro": "ten_cel", "matricula_bombeiro": "084169-2", "cpf_bombeiro": "56621540310", "telefone_bombeiro": "86 99925-0080", "email_bombeiro": "castelo@cbm.pi.gov.br", "placa_veiculo": "RSG5B69", "modelo_veiculo": "COROLLA", "marca_veiculo": "TOYOTA", "cor_veiculo": "BRANCA", "ano_veiculo": 2024, "tipo_veiculo": "carro", "placa_veiculo_adicional": "OED2I21", "modelo_veiculo_adicional": "RENAGADE", "marca_veiculo_adicional": "JEEP", "cor_veiculo_adicional": "BRANCA", "ano_veiculo_adicional": null, "tipo_veiculo_adicional": "carro", "placa_moto": null, "modelo_moto": null, "marca_moto": null, "cor_moto": null, "ano_moto": null, "data_ocupacao": "2025-06-23T15:00:35.470Z", "data_saida": null}}, {"model": "secoes.spot", "pk": 14, "fields": {"secao": 3, "tipo_cobertura": "coberta", "nominada": "nominada", "status": "ocupada", "identificador": null, "ativo": true, "nome_bombeiro": "MARCELLA PRADO ALBUQUERQUE", "posto_bombeiro": "1ten", "matricula_bombeiro": "3438244", "cpf_bombeiro": "00663082323", "telefone_bombeiro": "86994230966", "email_bombeiro": "pradoalbuquerque@yahoo.com.br", "placa_veiculo": "QRU0540", "modelo_veiculo": "VIRTUS", "marca_veiculo": "VOLKSWAGEN", "cor_veiculo": "BRANCA", "ano_veiculo": 2018, "tipo_veiculo": "carro", "placa_veiculo_adicional": null, "modelo_veiculo_adicional": null, "marca_veiculo_adicional": null, "cor_veiculo_adicional": null, "ano_veiculo_adicional": null, "tipo_veiculo_adicional": null, "placa_moto": null, "modelo_moto": null, "marca_moto": null, "cor_moto": null, "ano_moto": null, "data_ocupacao": "2025-06-23T15:18:58.394Z", "data_saida": null}}, {"model": "secoes.spot", "pk": 15, "fields": {"secao": 3, "tipo_cobertura": "descoberta", "nominada": "nao_nominada", "status": "ocupada", "identificador": null, "ativo": true, "nome_bombeiro": "JESSICA LAISA LEITE MENDES", "posto_bombeiro": "soldado", "matricula_bombeiro": "416785-6", "cpf_bombeiro": "03634592354", "telefone_bombeiro": "86988374732", "email_bombeiro": "jesklaisa@gmail.com", "placa_veiculo": "PIC-9948", "modelo_veiculo": "UNO", "marca_veiculo": "FIAT", "cor_veiculo": "VERMELHO", "ano_veiculo": 2014, "tipo_veiculo": "carro", "placa_veiculo_adicional": null, "modelo_veiculo_adicional": null, "marca_veiculo_adicional": null, "cor_veiculo_adicional": null, "ano_veiculo_adicional": null, "tipo_veiculo_adicional": null, "placa_moto": null, "modelo_moto": null, "marca_moto": null, "cor_moto": null, "ano_moto": null, "data_ocupacao": "2025-06-23T15:21:56.454Z", "data_saida": null}}, {"model": "contas.customuser", "pk": 1, "fields": {"password": "pbkdf2_sha256$1000000$c235WAJybDDUXHqg6AHomT$Q8GEimi3DEevG2bOuv3wQnbb7gZOF9nIN3BRwYTIXfQ=", "last_login": "2025-06-23T11:46:16.539Z", "is_superuser": true, "first_name": "Major BM Erisman", "last_name": "Sousa", "is_staff": true, "is_active": true, "date_joined": "2025-06-21T17:55:15.393Z", "email": "majorbmerisman@gmail.com", "tipo_usuario": "admin", "termo_compromisso_assinado": "", "groups": [], "user_permissions": []}}, {"model": "contas.customuser", "pk": 2, "fields": {"password": "pbkdf2_sha256$1000000$Y0mPZDPWVriWMwvtrFWDhX$9qxEXRzNimHK4ExrYmHjDQIEU6KZAYLWky3uWjgMh0o=", "last_login": "2025-06-23T13:50:36.530Z", "is_superuser": false, "first_name": "SD BM Canabrava", "last_name": "canabrava", "is_staff": false, "is_active": true, "date_joined": "2025-06-21T19:23:19.684Z", "email": "isaiascanabrava1@gmail.com", "tipo_usuario": "admin", "termo_compromisso_assinado": "", "groups": [], "user_permissions": []}}, {"model": "contas.customuser", "pk": 3, "fields": {"password": "pbkdf2_sha256$1000000$OFeldpdroxmukhP7OTZ3M6$oodX5tZl6pRlgkaRD/MFgwyfJMOimwsN+7NgSg+Z180=", "last_login": null, "is_superuser": true, "first_name": "parking", "last_name": "teste", "is_staff": true, "is_active": true, "date_joined": "2025-06-21T20:43:49.140Z", "email": "admin@parking.com", "tipo_usuario": "admin", "termo_compromisso_assinado": "", "groups": [], "user_permissions": []}}, {"model": "contas.customuser", "pk": 5, "fields": {"password": "pbkdf2_sha256$1000000$hSYgqsmMBYjF1xJF1nAtjr$wR8p34VU3IkewKxFGKX1WJ/c8Tqf6n2ttnIEtUhFGso=", "last_login": "2025-06-22T21:21:55.595Z", "is_superuser": true, "first_name": "manzin", "last_name": "sousa", "is_staff": true, "is_active": true, "date_joined": "2025-06-22T16:53:22.182Z", "email": "sgterisman@hotmail.com", "tipo_usuario": "usuario", "termo_compromisso_assinado": "", "groups": [], "user_permissions": []}}, {"model": "contas.customuser", "pk": 6, "fields": {"password": "pbkdf2_sha256$1000000$4qFfCHxu0vl8Y744wCzbsd$loHPxxN/L1aGxn+hKLQ/H4cMGc5g5GzduxEr5Nc6IaU=", "last_login": "2025-06-23T13:33:22.172Z", "is_superuser": false, "first_name": "Platini", "last_name": "Martins", "is_staff": false, "is_active": true, "date_joined": "2025-06-23T13:33:09.352Z", "email": "sdplatini@gmail.com", "tipo_usuario": "admin", "termo_compromisso_assinado": "", "groups": [], "user_permissions": []}}]